"Date","Price","Open","High","Low","Vol.","Change %"
"05/02/2023","11,395","11,370","11,415","11,335","1.05M","0.71%"
"05/01/2023","11,315","11,315","11,315","11,315","","0.00%"
"04/28/2023","11,315","11,335","11,355","11,295","1.80M","1.94%"
"04/27/2023","11,100","11,065","11,140","11,050","759.31K","0.54%"
"04/26/2023","11,040","11,035","11,075","11,015","1.11M","1.05%"
"04/25/2023","10,925","10,980","10,980","10,915","0.31K","-0.09%"
"04/24/2023","10,935","10,970","11,000","10,935","836.66K","-0.27%"
"04/23/2023","10,965","10,965","10,965","10,965","","0.00%"
"04/21/2023","10,965","10,885","10,975","10,885","635.99K","0.00%"
"04/20/2023","10,965","11,000","11,045","10,920","713.77K","-0.14%"
"04/19/2023","10,980","10,965","10,990","10,940","0.50K","-0.18%"
"04/18/2023","11,000","10,975","11,005","10,965","497.35K","0.09%"
"04/17/2023","10,990","10,910","10,990","10,910","0.00K","0.92%"
"04/14/2023","10,890","10,900","10,905","10,815","529.80K","1.54%"
"04/13/2023","10,725","10,750","10,820","10,695","600.30K","-1.70%"
"04/12/2023","10,910","10,880","10,910","10,870","594.42K","-0.91%"
"04/11/2023","11,010","10,980","11,015","10,955","699.70K","0.00%"
"04/10/2023","11,010","11,020","11,035","10,995","0.01K","-0.63%"
"04/09/2023","11,080","11,080","11,080","11,080","","0.00%"
"04/07/2023","11,080","11,020","11,080","10,995","1.32M","2.12%"
"04/06/2023","10,850","10,815","10,880","10,805","862.85K","-1.14%"
"04/05/2023","10,975","10,970","11,000","10,960","577.70K","-0.05%"
"04/04/2023","10,980","10,930","10,980","10,895","0.10K","0.27%"
"04/03/2023","10,950","10,845","10,980","10,830","1.28M","2.15%"
"03/31/2023","10,720","10,645","10,720","10,630","709.37K","0.94%"
"03/30/2023","10,620","10,625","10,650","10,595","393.96K","1.05%"
"03/29/2023","10,510","10,480","10,510","10,390","439.26K","0.14%"
"03/28/2023","10,495","10,535","10,540","10,465","584.47K","-1.78%"
"03/27/2023","10,685","10,645","10,685","10,595","828.63K","1.42%"
"03/24/2023","10,535","10,455","10,535","10,455","771.94K","1.40%"
"03/23/2023","10,390","10,475","10,495","10,330","739.99K","-2.12%"
"03/22/2023","10,615","10,580","10,625","10,570","771.81K","1.77%"
"03/21/2023","10,430","10,430","10,430","10,365","385.92K","-0.05%"
"03/20/2023","10,435","10,445","10,455","10,395","639.80K","0.38%"
"03/19/2023","10,395","10,395","10,395","10,395","","0.00%"
"03/17/2023","10,395","10,365","10,430","10,360","1.23M","2.77%"
"03/16/2023","10,115","10,125","10,210","10,115","1.12M","1.51%"
"03/15/2023","9,965","9,935","9,965","9,905","732.79K","2.42%"
"03/14/2023","9,730","9,755","9,755","9,650","443.46K","-0.26%"
"03/13/2023","9,755","9,750","9,810","9,710","1.11M","-0.51%"
"03/12/2023","9,805","9,805","9,805","9,805","","0.00%"
"03/10/2023","9,805","9,800","9,850","9,795","712.04K","-1.70%"
"03/09/2023","9,975","9,980","10,000","9,935","497.15K","0.25%"
"03/08/2023","9,950","9,900","9,970","9,880","532.49K","0.10%"
"03/07/2023","9,940","9,900","9,975","9,885","434.63K","0.45%"
"03/06/2023","9,895","9,780","9,920","9,780","670.66K","2.97%"
"03/03/2023","9,610","9,640","9,680","9,570","349.50K","0.21%"
"03/02/2023","9,590","9,790","9,790","9,550","629.60K","-2.74%"
"03/01/2023","9,860","9,860","9,860","9,860","","0.00%"
"02/28/2023","9,860","9,800","9,860","9,780","245.24K","0.92%"
"02/27/2023","9,770","9,655","9,770","9,655","419.43K","0.00%"
"02/26/2023","9,770","9,770","9,770","9,770","","0.00%"
"02/24/2023","9,770","9,770","9,770","9,730","251.72K","0.31%"
"02/23/2023","9,740","9,720","9,795","9,720","438.76K","0.62%"
"02/22/2023","9,680","9,630","9,680","9,630","542.29K","-1.53%"
"02/21/2023","9,830","9,880","9,880","9,820","306.37K","-0.51%"
"02/20/2023","9,880","9,805","9,880","9,805","379.65K","0.00%"
"02/19/2023","9,880","9,880","9,880","9,880","","0.00%"
"02/17/2023","9,880","9,800","9,920","9,800","582.00K","-2.08%"
"02/16/2023","10,090","10,020","10,100","10,015","806.04K","2.23%"
"02/15/2023","9,870","9,850","9,930","9,845","601.86K","1.08%"
"02/14/2023","9,765","9,770","9,790","9,725","419.96K","1.30%"
"02/13/2023","9,640","9,620","9,640","9,550","402.79K","-0.41%"
"02/12/2023","9,680","9,680","9,680","9,680","","0.00%"
"02/10/2023","9,680","9,775","9,775","9,650","773.48K","-1.88%"
"02/09/2023","9,865","9,925","9,925","9,800","710.47K","-1.50%"
"02/08/2023","10,015","9,910","10,025","9,910","963.30K","2.67%"
"02/07/2023","9,755","9,700","9,770","9,700","819.30K","0.88%"
"02/06/2023","9,670","9,615","9,695","9,615","1.02M","1.26%"
"02/05/2023","9,550","9,550","9,550","9,550","","0.00%"
"02/03/2023","9,550","9,590","9,595","9,510","1.27M","1.60%"
"02/02/2023","9,400","9,335","9,410","9,310","774.78K","4.21%"
"02/01/2023","9,020","8,970","9,025","8,970","394.39K","1.63%"
"01/31/2023","8,875","8,900","8,940","8,855","539.13K","-1.93%"
"01/30/2023","9,050","9,050","9,105","9,025","814.92K","1.97%"
"01/27/2023","8,875","8,835","8,900","8,835","777.70K","1.25%"
"01/26/2023","8,765","8,705","8,805","8,705","721.17K","1.10%"
"01/25/2023","8,670","8,620","8,710","8,620","743.03K","3.46%"
"01/20/2023","8,380","8,280","8,380","8,220","310.62K","0.84%"
"01/19/2023","8,310","8,370","8,375","8,310","0.01K","-2.29%"
"01/18/2023","8,505","8,390","8,520","8,390","0.01K","1.73%"
"01/17/2023","8,360","8,390","8,430","8,355","469.42K","-0.59%"
"01/16/2023","8,410","8,395","8,420","8,370","0.00K","0.72%"
"01/13/2023","8,350","8,350","8,365","8,305","476.10K","0.00%"
"01/12/2023","8,350","8,295","8,355","8,295","639.49K","2.64%"
"01/11/2023","8,135","8,060","8,160","8,060","412.34K","1.31%"
"01/10/2023","8,030","8,030","8,040","7,965","566.19K","0.25%"
"01/09/2023","8,010","8,055","8,065","7,975","576.19K","0.69%"
"01/06/2023","7,955","7,990","8,015","7,915","797.58K","-1.61%"
"01/05/2023","8,085","8,170","8,170","8,045","0.00K","-1.16%"
"01/04/2023","8,180","8,145","8,185","8,145","358.74K","-0.49%"
"01/03/2023","8,220","8,165","8,240","8,145","639.79K","1.23%"
"01/02/2023","8,120","8,065","8,180","8,065","558.87K","2.07%"
"12/29/2022","7,955","7,945","8,045","7,935","596.45K","-1.12%"
"12/28/2022","8,045","8,085","8,085","8,035","0.01K","-2.96%"
"12/27/2022","8,290","8,360","8,370","8,260","0.00K","-0.72%"
"12/26/2022","8,350","8,285","8,350","8,280","274.09K","0.85%"
"12/23/2022","8,280","8,350","8,405","8,260","799.17K","-2.82%"
"12/22/2022","8,520","8,560","8,580","8,515","345.34K","0.24%"
"12/21/2022","8,500","8,460","8,545","8,460","592.68K","0.89%"
"12/20/2022","8,425","8,685","8,685","8,415","1.61M","-4.32%"
"12/19/2022","8,805","8,850","8,850","8,750","0.00K","-1.07%"
"12/18/2022","8,900","8,900","8,900","8,900","","0.00%"
"12/16/2022","8,900","9,000","9,000","8,890","1.09M","-3.05%"
"12/15/2022","9,180","9,150","9,190","9,140","328.03K","-0.70%"
"12/14/2022","9,245","9,175","9,265","9,175","253.02K","1.04%"
"12/13/2022","9,150","9,105","9,170","9,095","299.20K","1.27%"
"12/12/2022","9,035","9,070","9,075","9,025","0.00K","-0.66%"
"12/11/2022","9,095","9,095","9,095","9,095","","0.00%"
"12/09/2022","9,095","9,175","9,175","9,070","379.95K","0.17%"
"12/08/2022","9,080","9,165","9,185","9,040","500.25K","-1.30%"
"12/07/2022","9,200","9,300","9,300","9,160","0.00K","-2.02%"
"12/06/2022","9,390","9,290","9,390","9,290","309.05K","0.00%"
"12/05/2022","9,390","9,445","9,450","9,370","247.72K","-0.63%"
"12/02/2022","9,450","9,495","9,495","9,435","164.90K","-0.47%"
"12/01/2022","9,495","9,490","9,525","9,465","446.56K","4.11%"
"11/30/2022","9,120","9,285","9,285","9,105","765.53K","-2.25%"
"11/29/2022","9,330","9,385","9,385","9,285","417.50K","-0.85%"
"11/28/2022","9,410","9,480","9,480","9,380","0.00K","-1.05%"
"11/27/2022","9,510","9,510","9,510","9,510","","0.00%"
"11/25/2022","9,510","9,515","9,595","9,475","440.96K","-0.21%"
"11/24/2022","9,530","9,550","9,605","9,525","321.68K","0.21%"
"11/23/2022","9,510","9,485","9,515","9,480","304.34K","1.22%"
"11/22/2022","9,395","9,480","9,495","9,390","497.47K","-1.47%"
"11/21/2022","9,535","9,495","9,535","9,475","247.99K","0.53%"
"11/20/2022","9,485","9,485","9,485","9,485","","0.00%"
"11/18/2022","9,485","9,555","9,565","9,475","328.95K","-0.84%"
"11/17/2022","9,565","9,475","9,570","9,475","549.45K","0.37%"
"11/16/2022","9,530","9,470","9,535","9,435","681.84K","1.01%"
"11/15/2022","9,435","9,380","9,450","9,360","619.73K","-0.16%"
"11/14/2022","9,450","9,370","9,475","9,350","864.20K","1.39%"
"11/11/2022","9,320","9,500","9,600","9,275","1.13M","4.25%"
"11/10/2022","8,940","8,805","8,940","8,805","941.88K","-1.70%"
"11/09/2022","9,095","9,200","9,200","9,040","1.52M","-0.66%"
"11/08/2022","9,155","9,230","9,250","9,155","971.02K","-0.38%"
"11/07/2022","9,190","9,200","9,230","9,135","1.14M","-0.54%"
"11/06/2022","9,240","9,240","9,240","9,240","","0.00%"
"11/04/2022","9,240","9,255","9,255","9,180","2.30M","-2.43%"
"11/03/2022","9,470","9,565","9,565","9,450","0.02K","-3.96%"
"11/02/2022","9,860","9,855","9,860","9,795","873.99K","-2.57%"
"11/01/2022","10,120","10,115","10,130","10,050","371.58K","-0.34%"
"10/31/2022","10,155","10,120","10,155","10,090","767.96K","4.26%"
"10/28/2022","9,740","9,990","10,160","9,695","2.08M","-5.16%"
"10/27/2022","10,270","10,325","10,325","10,200","826.91K","-1.25%"
"10/26/2022","10,400","10,640","10,640","10,390","0.20K","-2.12%"
"10/25/2022","10,625","10,645","10,675","10,590","289.58K","0.47%"
"10/24/2022","10,575","10,515","10,590","10,515","1.57K","3.83%"
"10/21/2022","10,185","10,180","10,220","10,120","210.96K","-0.24%"
"10/20/2022","10,210","10,290","10,290","10,160","325.90K","-1.64%"
"10/19/2022","10,380","10,430","10,445","10,350","0.01K","-0.38%"
"10/18/2022","10,420","10,300","10,435","10,295","684.42K","4.41%"
"10/17/2022","9,980","10,000","10,000","9,915","626.25K","-2.68%"
"10/16/2022","10,255","10,255","10,255","10,255","","0.00%"
"10/14/2022","10,255","10,150","10,255","10,130","404.04K","2.96%"
"10/13/2022","9,960","10,010","10,010","9,925","303.84K","-0.55%"
"10/12/2022","10,015","10,070","10,090","9,960","601.22K","-0.84%"
"10/11/2022","10,100","10,150","10,150","10,070","474.14K","-3.26%"
"10/07/2022","10,440","10,500","10,505","10,430","361.48K","-0.95%"
"10/06/2022","10,540","10,590","10,650","10,525","0.03K","0.05%"
"10/05/2022","10,535","10,630","10,635","10,535","411.75K","0.19%"
"10/04/2022","10,515","10,610","10,610","10,485","519.22K","0.29%"
"09/30/2022","10,485","10,490","10,495","10,390","1.10M","-2.19%"
"09/29/2022","10,720","10,715","10,820","10,715","370.59K","1.32%"
"09/28/2022","10,580","10,595","10,640","10,500","712.77K","-1.08%"
"09/27/2022","10,695","10,615","10,695","10,615","392.93K","1.57%"
"09/26/2022","10,530","10,535","10,600","10,510","651.57K","-1.50%"
"09/23/2022","10,690","10,680","10,700","10,610","525.57K","-0.28%"
"09/22/2022","10,720","10,660","10,790","10,580","894.45K","-1.47%"
"09/21/2022","10,880","10,925","10,925","10,810","471.21K","-0.46%"
"09/20/2022","10,930","10,930","10,950","10,885","381.59K","1.67%"
"09/19/2022","10,750","10,780","10,790","10,705","462.40K","-0.28%"
"09/18/2022","10,780","10,780","10,780","10,780","","0.00%"
"09/16/2022","10,780","10,875","10,875","10,750","836.28K","-3.14%"
"09/15/2022","11,130","11,130","11,165","11,105","452.25K","0.63%"
"09/14/2022","11,060","11,000","11,060","11,000","1.14M","-4.82%"
"09/13/2022","11,620","11,545","11,625","11,545","1.02M","3.43%"
"09/08/2022","11,235","11,135","11,235","11,135","379.57K","2.28%"
"09/07/2022","10,985","10,925","11,000","10,900","465.43K","-0.90%"
"09/06/2022","11,085","10,995","11,085","10,970","314.37K","0.77%"
"09/05/2022","11,000","10,910","11,005","10,905","432.09K","-0.54%"
"09/04/2022","11,060","11,060","11,060","11,060","","0.00%"
"09/02/2022","11,060","11,020","11,060","10,985","466.18K","2.08%"
"09/01/2022","10,835","10,820","10,870","10,785","705.42K","-1.81%"
"08/31/2022","11,035","11,060","11,090","11,020","1.18M","-1.39%"
"08/30/2022","11,190","11,160","11,205","11,125","966.89K","0.31%"
"08/29/2022","11,155","11,000","11,165","11,000","1.20M","-4.00%"
"08/26/2022","11,620","11,640","11,660","11,595","616.49K","0.35%"
"08/25/2022","11,580","11,510","11,600","11,495","960.40K","0.56%"
"08/24/2022","11,515","11,500","11,520","11,450","749.71K","0.17%"
"08/23/2022","11,495","11,575","11,595","11,475","1.00M","-2.05%"
"08/22/2022","11,735","11,715","11,765","11,715","871.05K","-1.47%"
"08/21/2022","11,910","11,910","11,910","11,910","","0.00%"
"08/19/2022","11,910","11,965","11,975","11,905","836.95K","0.42%"
"08/18/2022","11,860","11,810","11,890","11,800","635.30K","-0.50%"
"08/17/2022","11,920","11,910","11,920","11,880","949.07K","0.21%"
"08/16/2022","11,895","11,825","11,935","11,825","1.41M","2.90%"
"08/12/2022","11,560","11,615","11,615","11,525","583.78K","-1.03%"
"08/11/2022","11,680","11,600","11,680","11,580","1.18M","3.27%"
"08/10/2022","11,310","11,345","11,350","11,295","897.68K","-0.75%"
"08/09/2022","11,395","11,405","11,425","11,375","662.50K","-0.78%"
"08/08/2022","11,485","11,395","11,485","11,375","543.69K","-0.48%"
"08/07/2022","11,540","11,540","11,540","11,540","","0.00%"
"08/05/2022","11,540","11,555","11,575","11,515","656.37K","0.44%"
"08/04/2022","11,490","11,470","11,505","11,455","971.58K","2.22%"
"08/03/2022","11,240","11,205","11,240","11,155","478.31K","0.81%"
"08/02/2022","11,150","11,205","11,230","11,125","648.16K","-0.31%"
"08/01/2022","11,185","11,190","11,210","11,155","861.14K","0.63%"
"07/29/2022","11,115","11,085","11,145","11,015","1.69M","3.83%"
"07/28/2022","10,705","10,810","10,830","10,690","755.08K","1.18%"
"07/27/2022","10,580","10,505","10,580","10,490","589.19K","0.76%"
"07/26/2022","10,500","10,545","10,545","10,480","450.26K","-1.64%"
"07/25/2022","10,675","10,635","10,675","10,610","333.80K","-1.11%"
"07/22/2022","10,795","10,760","10,835","10,750","1.18M","0.75%"
"07/21/2022","10,715","10,710","10,735","10,680","859.28K","1.13%"
"07/20/2022","10,595","10,550","10,615","10,525","655.73K","3.06%"
"07/19/2022","10,280","10,310","10,325","10,240","434.23K","-1.67%"
"07/18/2022","10,455","10,500","10,500","10,400","623.05K","1.46%"
"07/15/2022","10,305","10,250","10,315","10,245","341.56K","1.78%"
"07/14/2022","10,125","10,040","10,125","10,020","426.18K","-0.44%"
"07/13/2022","10,170","10,150","10,170","10,125","419.73K","-0.54%"
"07/12/2022","10,225","10,290","10,320","10,215","402.54K","-1.35%"
"07/11/2022","10,365","10,485","10,485","10,350","490.25K","-0.29%"
"07/08/2022","10,395","10,430","10,450","10,395","582.27K","1.07%"
"07/07/2022","10,285","10,260","10,290","10,235","683.99K","1.53%"
"07/06/2022","10,130","10,105","10,225","10,105","679.29K","2.01%"
"07/05/2022","9,930","9,945","9,945","9,820","591.70K","1.12%"
"07/04/2022","9,820","9,770","9,825","9,770","630.57K","1.81%"
"07/01/2022","9,645","9,785","9,785","9,640","1.00M","-1.98%"
"06/30/2022","9,840","9,960","9,990","9,835","572.80K","-0.91%"
"06/29/2022","9,930","9,930","9,930","9,855","757.56K","-2.79%"
"06/28/2022","10,215","10,275","10,275","10,150","398.07K","-1.07%"
"06/27/2022","10,325","10,300","10,365","10,280","873.77K","1.87%"
"06/24/2022","10,135","10,000","10,145","9,945","686.38K","2.68%"
"06/23/2022","9,870","9,765","9,920","9,765","567.61K","1.60%"
"06/22/2022","9,715","9,800","9,840","9,700","1.01M","0.10%"
"06/21/2022","9,705","9,610","9,720","9,610","382.41K","1.09%"
"06/20/2022","9,600","9,685","9,685","9,540","555.36K","1.00%"
"06/17/2022","9,505","9,450","9,515","9,415","844.12K","-2.21%"
"06/16/2022","9,720","9,785","9,870","9,720","710.28K","1.36%"
"06/15/2022","9,590","9,600","9,605","9,560","877.34K","-0.83%"
"06/14/2022","9,670","9,490","9,675","9,490","885.68K","-0.10%"
"06/13/2022","9,680","9,780","9,820","9,665","1.40M","-5.65%"
"06/10/2022","10,260","10,190","10,260","10,160","422.43K","-0.97%"
"06/09/2022","10,360","10,375","10,425","10,340","280.60K","-0.10%"
"06/08/2022","10,370","10,365","10,425","10,365","441.95K","0.48%"
"06/07/2022","10,320","10,400","10,400","10,280","639.28K","-1.85%"
"06/03/2022","10,515","10,490","10,550","10,490","506.06K","1.99%"
"06/02/2022","10,310","10,215","10,340","10,215","500.20K","0.83%"
"05/31/2022","10,225","10,335","10,345","10,205","586.55K","-1.35%"
"05/30/2022","10,365","10,250","10,375","10,250","598.26K","4.22%"
"05/27/2022","9,945","9,920","10,010","9,920","1.02M","2.58%"
"05/26/2022","9,695","9,740","9,800","9,695","708.44K","0.05%"
"05/25/2022","9,690","9,695","9,720","9,640","780.19K","0.05%"
"05/24/2022","9,685","9,850","9,850","9,675","948.82K","-2.12%"
"05/23/2022","9,895","9,925","9,925","9,845","1.03M","-0.30%"
"05/20/2022","9,925","9,890","9,975","9,850","1.20M","-0.60%"
"05/19/2022","9,985","9,970","10,005","9,905","1.88M","-4.22%"
"05/18/2022","10,425","10,480","10,480","10,415","626.88K","0.87%"
"05/17/2022","10,335","10,315","10,355","10,280","644.63K","-0.19%"
"05/16/2022","10,355","10,480","10,505","10,320","652.22K","1.42%"
"05/13/2022","10,210","10,210","10,250","10,190","817.23K","0.00%"
"05/12/2022","10,210","10,225","10,285","10,155","1.37M","-3.68%"
"05/11/2022","10,600","10,500","10,610","10,500","804.44K","1.00%"
"05/10/2022","10,495","10,385","10,495","10,285","1.20M","-1.64%"
"05/09/2022","10,670","10,700","10,715","10,645","1.02M","-1.70%"
"05/06/2022","10,855","10,900","10,900","10,810","1.05M","-1.85%"
"05/04/2022","11,060","11,050","11,065","11,020","467.90K","0.05%"
"05/03/2022","11,055","10,990","11,095","10,990","620.98K","1.52%"
"05/02/2022","10,890","10,885","10,945","10,830","1.33M","-2.77%"
"04/29/2022","11,200","11,260","11,275","11,190","1.09M","-0.53%"
"04/28/2022","11,260","11,130","11,265","11,100","1.11M","1.58%"
"04/27/2022","11,085","10,955","11,085","10,900","1.35M","-2.29%"
"04/26/2022","11,345","11,335","11,370","11,310","575.15K","1.84%"
"04/25/2022","11,140","11,130","11,150","11,055","1.07M","-2.32%"
"04/22/2022","11,405","11,415","11,435","11,350","1.01M","-2.56%"
"04/21/2022","11,705","11,725","11,730","11,670","1.01M","-0.04%"
"04/20/2022","11,710","11,715","11,770","11,670","1.06M","0.60%"
"04/19/2022","11,640","11,615","11,660","11,555","824.78K","2.33%"
"04/18/2022","11,375","11,325","11,390","11,325","732.06K","-1.17%"
"04/15/2022","11,510","11,480","11,520","11,460","828.72K","-2.25%"
"04/14/2022","11,775","11,720","11,775","11,700","1.04M","1.12%"
"04/13/2022","11,645","11,585","11,645","11,545","1.26M","0.39%"
"04/12/2022","11,600","11,635","11,635","11,570","1.05M","-2.68%"
"04/11/2022","11,920","11,920","11,955","11,860","996.36K","-2.17%"
"04/08/2022","12,185","12,095","12,185","12,085","923.51K","0.87%"
"04/07/2022","12,080","12,030","12,080","11,990","1.66M","-2.93%"
"04/06/2022","12,445","12,415","12,445","12,390","802.54K","-1.50%"
"04/05/2022","12,635","12,650","12,655","12,600","889.70K","1.81%"
"04/04/2022","12,410","12,380","12,410","12,330","971.49K","-0.24%"
"04/01/2022","12,440","12,400","12,440","12,380","1.22M","-1.23%"
"03/31/2022","12,595","12,535","12,595","12,525","916.25K","-0.04%"
"03/30/2022","12,600","12,585","12,640","12,560","1.07M","0.32%"
"03/29/2022","12,560","12,515","12,580","12,515","1.36M","1.91%"
"03/28/2022","12,325","12,315","12,355","12,305","811.68K","0.00%"
"03/25/2022","12,325","12,295","12,325","12,250","868.38K","1.65%"
"03/24/2022","12,125","12,040","12,125","12,040","626.35K","-0.08%"
"03/23/2022","12,135","12,100","12,135","12,070","842.55K","2.36%"
"03/22/2022","11,855","11,805","11,885","11,805","853.35K","0.72%"
"03/21/2022","11,770","11,700","11,770","11,700","1.10M","3.20%"
"03/18/2022","11,405","11,450","11,450","11,340","557.18K","-0.18%"
"03/17/2022","11,425","11,580","11,580","11,410","1.24M","1.02%"
"03/16/2022","11,310","11,240","11,310","11,195","647.26K","3.71%"
"03/15/2022","10,905","10,990","10,995","10,880","885.38K","-2.59%"
"03/14/2022","11,195","11,110","11,195","11,095","670.76K","-0.89%"
"03/11/2022","11,295","11,285","11,295","11,200","619.97K","-0.31%"
"03/10/2022","11,330","11,335","11,375","11,250","812.18K","4.28%"
"03/08/2022","10,865","10,905","11,010","10,865","1.21M","-2.69%"
"03/07/2022","11,165","11,120","11,225","11,050","832.45K","-2.02%"
"03/04/2022","11,395","11,430","11,460","11,190","879.96K","-1.21%"
"03/03/2022","11,535","11,525","11,535","11,470","683.19K","1.14%"
"03/02/2022","11,405","11,375","11,430","11,325","801.45K","2.24%"
"02/28/2022","11,155","11,140","11,240","11,065","1.08M","0.00%"
"02/25/2022","11,155","11,150","11,220","11,125","1.66M","5.63%"
"02/24/2022","10,560","10,820","10,895","10,500","2.94M","-5.29%"
"02/23/2022","11,150","11,130","11,175","11,105","647.45K","1.97%"
"02/22/2022","10,935","11,000","11,010","10,915","1.61M","-3.14%"
"02/21/2022","11,290","11,165","11,315","11,125","899.12K","-1.83%"
"02/18/2022","11,500","11,445","11,525","11,395","1.23M","-1.96%"
"02/17/2022","11,730","11,765","11,790","11,675","1.06M","-0.30%"
"02/16/2022","11,765","11,770","11,795","11,740","766.90K","1.64%"
"02/15/2022","11,575","11,550","11,595","11,535","853.66K","0.92%"
"02/14/2022","11,470","11,500","11,525","11,460","1.09M","-2.38%"
"02/11/2022","11,750","11,880","11,880","11,730","1.46M","-3.05%"
"02/10/2022","12,120","12,145","12,145","12,085","877.09K","1.04%"
"02/09/2022","11,995","11,990","12,005","11,930","856.52K","1.27%"
"02/08/2022","11,845","11,900","11,925","11,825","1.20M","-1.50%"
"02/07/2022","12,025","12,050","12,060","11,940","615.04K","-0.46%"
"02/04/2022","12,080","12,015","12,110","12,005","1.38M","0.17%"
"02/03/2022","12,060","12,045","12,140","12,025","1.60M","3.43%"
"01/28/2022","11,660","11,520","11,665","11,520","1.60M","2.96%"
"01/27/2022","11,325","11,600","11,625","11,280","1.74M","-1.39%"
"01/26/2022","11,485","11,465","11,490","11,380","1.43M","-0.43%"
"01/25/2022","11,535","11,685","11,685","11,450","2.28M","-1.58%"
"01/24/2022","11,720","11,685","11,725","11,680","1.77M","-1.35%"
"01/21/2022","11,880","11,925","11,935","11,795","2.08M","-2.38%"
"01/20/2022","12,170","12,050","12,180","12,035","1.26M","0.08%"
"01/19/2022","12,160","12,230","12,275","12,105","1.81M","-1.94%"
"01/18/2022","12,400","12,530","12,530","12,375","1.33M","-0.80%"
"01/17/2022","12,500","12,500","12,545","12,485","1.21M","0.56%"
"01/14/2022","12,430","12,400","12,430","12,340","2.45M","-2.51%"
"01/13/2022","12,750","12,765","12,785","12,725","1.35M","-0.12%"
"01/12/2022","12,765","12,705","12,770","12,680","1.70M","1.27%"
"01/11/2022","12,605","12,655","12,655","12,575","2.50M","-0.36%"
"01/10/2022","12,650","12,590","12,650","12,565","1.63M","-0.94%"
"01/07/2022","12,770","12,785","12,815","12,745","2.02M","0.55%"
"01/06/2022","12,700","12,755","12,795","12,670","3.36M","-3.35%"
"01/05/2022","13,140","13,180","13,210","13,125","2.68M","-1.87%"
"01/04/2022","13,390","13,355","13,395","13,350","1.61M","1.52%"
"01/03/2022","13,190","13,190","13,205","13,145","1.54M","-0.57%"
"12/30/2021","13,265","13,190","13,265","13,165","886.40K","-0.15%"
"12/29/2021","13,285","13,300","13,320","13,260","942.77K","-0.11%"
"12/28/2021","13,300","13,260","13,310","13,260","1.54M","1.64%"
"12/27/2021","13,085","13,090","13,120","13,075","778.63K","0.35%"
"12/24/2021","13,040","13,055","13,085","13,040","861.90K","0.58%"
"12/23/2021","12,965","12,980","13,010","12,950","804.04K","1.17%"
"12/22/2021","12,815","12,805","12,815","12,770","816.80K","0.99%"
"12/21/2021","12,690","12,565","12,690","12,540","1.07M","1.68%"
"12/20/2021","12,480","12,610","12,610","12,480","1.36M","-1.54%"
"12/17/2021","12,675","12,705","12,755","12,670","3.69M","-3.80%"
"12/16/2021","13,175","13,145","13,175","13,075","1.24M","2.41%"
"12/15/2021","12,865","12,820","12,870","12,805","1.30M","-0.85%"
"12/14/2021","12,975","12,970","12,995","12,950","1.63M","-1.44%"
"12/13/2021","13,165","13,175","13,195","13,150","964.71K","1.27%"
"12/10/2021","13,000","12,970","13,000","12,950","1.09M","-0.65%"
"12/09/2021","13,085","13,085","13,120","13,055","1.22M","0.08%"
"12/08/2021","13,075","13,030","13,100","13,020","1.41M","2.63%"
"12/07/2021","12,740","12,730","12,740","12,650","1.22M","1.03%"
"12/06/2021","12,610","12,590","12,610","12,565","1.59M","-1.48%"
"12/03/2021","12,800","12,755","12,800","12,685","1.61M","0.00%"
"12/02/2021","12,800","12,840","12,860","12,780","2.86M","-2.74%"
"12/01/2021","13,160","13,035","13,160","13,000","1.43M","0.65%"
"11/30/2021","13,075","13,230","13,230","13,030","1.65M","0.11%"
"11/29/2021","13,060","12,985","13,085","12,950","2.20M","-1.10%"
"11/26/2021","13,205","13,230","13,255","13,160","1.69M","-0.41%"
"11/25/2021","13,260","13,200","13,260","13,190","1.69M","0.76%"
"11/24/2021","13,160","13,160","13,180","13,115","1.79M","-0.45%"
"11/23/2021","13,220","13,255","13,255","13,195","2.28M","-1.16%"
"11/22/2021","13,375","13,345","13,395","13,315","2.61M","0.91%"
"11/19/2021","13,255","13,125","13,255","13,125","2.37M","2.28%"
"11/18/2021","12,960","12,925","12,960","12,905","1.56M","0.54%"
"11/17/2021","12,890","12,910","12,920","12,865","1.11M","0.66%"
"11/16/2021","12,805","12,815","12,830","12,760","1.29M","0.00%"
"11/15/2021","12,805","12,805","12,850","12,790","1.17M","1.03%"
"11/12/2021","12,675","12,690","12,705","12,640","1.90M","0.00%"
"11/11/2021","12,675","12,685","12,710","12,655","2.07M","-0.98%"
"11/10/2021","12,800","12,810","12,810","12,775","2.05M","-1.04%"
"11/09/2021","12,935","13,025","13,045","12,910","2.58M","-0.50%"
"11/08/2021","13,000","13,005","13,025","12,985","2.18M","-0.27%"
"11/05/2021","13,035","12,955","13,035","12,795","3.09M","1.88%"
"11/04/2021","12,795","12,740","12,795","12,720","2.34M","1.63%"
"11/03/2021","12,590","12,540","12,595","12,505","1.90M","0.84%"
"11/02/2021","12,485","12,520","12,525","12,460","1.34M","-0.16%"
"11/01/2021","12,505","12,360","12,545","12,355","4.26M","2.33%"
"10/29/2021","12,220","12,270","12,275","12,215","2.27M","-0.08%"
"10/28/2021","12,230","12,240","12,275","12,225","2.30M","1.41%"
"10/27/2021","12,060","12,030","12,065","11,990","852.83K","0.37%"
"10/26/2021","12,015","11,990","12,030","11,970","924.70K","1.14%"
"10/25/2021","11,880","11,895","11,935","11,855","1.31M","-1.29%"
"10/22/2021","12,035","12,065","12,080","12,030","862.05K","0.21%"
"10/21/2021","12,010","12,025","12,025","11,965","596.65K","-0.17%"
"10/20/2021","12,030","12,100","12,110","12,025","907.31K","-0.29%"
"10/19/2021","12,065","12,100","12,105","12,055","1.20M","1.39%"
"10/18/2021","11,900","11,885","11,935","11,885","895.98K","0.34%"
"10/15/2021","11,860","11,850","11,865","11,815","969.92K","1.28%"
"10/14/2021","11,710","11,680","11,715","11,665","573.38K","0.77%"
"10/13/2021","11,620","11,640","11,640","11,590","813.49K","-0.34%"
"10/12/2021","11,660","11,700","11,700","11,650","673.08K","-0.98%"
"10/08/2021","11,775","11,810","11,815","11,765","866.08K","0.00%"
"10/07/2021","11,775","11,700","11,775","11,685","1.06M","2.66%"
"10/06/2021","11,470","11,520","11,535","11,450","690.68K","1.10%"
"10/05/2021","11,345","11,300","11,390","11,290","1.82M","-0.79%"
"10/01/2021","11,435","11,520","11,550","11,430","1.55M","-1.80%"
"09/30/2021","11,645","11,600","11,655","11,575","1.24M","0.39%"
"09/29/2021","11,600","11,565","11,630","11,565","1.95M","-2.15%"
"09/28/2021","11,855","11,850","11,890","11,845","1.59M","-1.17%"
"09/27/2021","11,995","11,900","12,000","11,900","1.81M","0.93%"
"09/24/2021","11,885","11,915","11,920","11,860","2.03M","0.00%"
"09/23/2021","11,885","11,865","11,955","11,860","4.34M","-2.18%"
"09/17/2021","12,150","12,100","12,160","12,100","1.58M","0.50%"
"09/16/2021","12,090","12,095","12,095","12,060","1.08M","0.71%"
"09/15/2021","12,005","12,010","12,050","12,000","1.60M","-0.29%"
"09/14/2021","12,040","12,075","12,075","12,025","2.04M","-0.41%"
"09/13/2021","12,090","12,065","12,090","12,040","2.76M","-0.74%"
"09/10/2021","12,180","12,150","12,190","12,145","1.60M","0.08%"
"09/09/2021","12,170","12,165","12,200","12,155","1.61M","-0.41%"
"09/08/2021","12,220","12,150","12,220","12,150","1.85M","0.83%"
"09/07/2021","12,120","12,085","12,120","12,080","1.58M","0.37%"
"09/06/2021","12,075","12,045","12,085","12,040","1.82M","0.08%"
"09/03/2021","12,065","12,070","12,070","12,015","2.41M","-0.49%"
"09/02/2021","12,125","12,075","12,125","12,065","1.87M","0.21%"
"09/01/2021","12,100","12,090","12,100","12,030","2.69M","-0.12%"
"08/31/2021","12,115","12,085","12,135","12,075","3.59M","1.25%"
"08/30/2021","11,965","11,930","11,965","11,905","2.02M","0.72%"
"08/27/2021","11,880","11,855","11,890","11,845","1.49M","-0.25%"
"08/26/2021","11,910","11,870","11,910","11,840","1.27M","0.13%"
"08/25/2021","11,895","11,875","11,900","11,845","1.54M","0.13%"
"08/24/2021","11,880","11,850","11,890","11,845","2.45M","0.51%"
"08/23/2021","11,820","11,780","11,820","11,730","2.17M","1.63%"
"08/20/2021","11,630","11,605","11,630","11,570","1.18M","1.17%"
"08/19/2021","11,495","11,490","11,560","11,485","1.59M","-1.16%"
"08/18/2021","11,630","11,670","11,670","11,600","2.01M","-0.94%"
"08/17/2021","11,740","11,645","11,770","11,645","2.31M","1.08%"
"08/13/2021","11,615","11,550","11,630","11,545","1.46M","1.57%"
"08/12/2021","11,435","11,375","11,440","11,360","871.37K","0.26%"
"08/11/2021","11,405","11,385","11,430","11,365","861.94K","0.04%"
"08/10/2021","11,400","11,380","11,410","11,365","872.77K","0.48%"
"08/09/2021","11,345","11,340","11,345","11,320","1.31M","-0.53%"
"08/06/2021","11,405","11,395","11,405","11,380","1.17M","0.48%"
"08/05/2021","11,350","11,345","11,355","11,315","1.19M","0.00%"
"08/04/2021","11,350","11,375","11,375","11,320","1.20M","0.22%"
"08/03/2021","11,325","11,315","11,340","11,295","1.40M","-0.66%"
"08/02/2021","11,400","11,335","11,400","11,310","1.17M","1.15%"
"07/30/2021","11,270","11,285","11,285","11,235","2.97M","-1.79%"
"07/29/2021","11,475","11,505","11,525","11,405","2.26M","-0.35%"
"07/28/2021","11,515","11,450","11,515","11,445","1.94M","-0.82%"
"07/27/2021","11,610","11,625","11,625","11,585","1.82M","0.04%"
"07/26/2021","11,605","11,520","11,605","11,520","2.26M","1.71%"
"07/23/2021","11,410","11,365","11,425","11,365","1.27M","1.33%"
"07/22/2021","11,260","11,245","11,275","11,230","1.26M","0.63%"
"07/21/2021","11,190","11,200","11,200","11,150","840.65K","0.36%"
"07/20/2021","11,150","11,055","11,150","11,050","1.48M","0.31%"
"07/19/2021","11,115","11,065","11,115","11,045","1.04M","-0.71%"
"07/16/2021","11,195","11,200","11,210","11,165","1.76M","-1.28%"
"07/15/2021","11,340","11,345","11,355","11,300","1.52M","0.09%"
"07/14/2021","11,330","11,300","11,345","11,295","1.31M","0.31%"
"07/13/2021","11,295","11,270","11,315","11,260","1.78M","0.22%"
"07/12/2021","11,270","11,280","11,280","11,240","1.77M","0.40%"
"07/09/2021","11,225","11,170","11,225","11,140","1.49M","-0.22%"
"07/08/2021","11,250","11,170","11,255","11,170","1.75M","1.35%"
"07/07/2021","11,100","11,015","11,115","11,015","1.44M","1.79%"
"07/06/2021","10,905","10,930","10,945","10,890","1.05M","-0.05%"
"07/05/2021","10,910","10,860","10,935","10,860","867.68K","1.25%"
"07/02/2021","10,775","10,770","10,775","10,730","616.02K","0.23%"
"07/01/2021","10,750","10,700","10,755","10,690","590.15K","0.33%"
"06/30/2021","10,715","10,665","10,745","10,665","781.21K","0.61%"
"06/29/2021","10,650","10,655","10,680","10,640","614.82K","0.90%"
"06/28/2021","10,555","10,520","10,565","10,505","947.68K","-0.24%"
"06/25/2021","10,580","10,610","10,610","10,555","1.00M","-0.61%"
"06/24/2021","10,645","10,635","10,665","10,615","881.11K","0.00%"
"06/23/2021","10,645","10,540","10,645","10,540","869.86K","1.67%"
"06/22/2021","10,470","10,445","10,475","10,410","571.54K","0.34%"
"06/21/2021","10,435","10,415","10,435","10,355","1.18M","-0.24%"
"06/18/2021","10,460","10,325","10,485","10,325","843.90K","2.55%"
"06/17/2021","10,200","10,160","10,205","10,140","460.59K","0.44%"
"06/16/2021","10,155","10,150","10,170","10,145","443.67K","-0.64%"
"06/15/2021","10,220","10,170","10,235","10,170","653.00K","1.29%"
"06/14/2021","10,090","10,030","10,100","10,030","560.74K","0.95%"
"06/11/2021","9,995","9,975","10,015","9,975","505.18K","0.71%"
"06/10/2021","9,925","9,920","9,945","9,910","268.79K","0.05%"
"06/09/2021","9,920","9,920","9,945","9,910","277.66K","0.20%"
"06/08/2021","9,900","9,875","9,910","9,850","425.59K","1.02%"
"06/07/2021","9,800","9,815","9,830","9,790","272.43K","1.29%"
"06/04/2021","9,675","9,675","9,695","9,660","352.14K","-1.17%"
"06/03/2021","9,790","9,785","9,800","9,770","226.34K","0.36%"
"06/02/2021","9,755","9,725","9,765","9,705","346.03K","0.31%"
"06/01/2021","9,725","9,800","9,800","9,710","381.58K","-0.51%"
"05/31/2021","9,775","9,815","9,825","9,770","408.71K","-0.51%"
"05/28/2021","9,825","9,860","9,865","9,825","214.85K","-0.35%"
"05/27/2021","9,860","9,880","9,890","9,835","448.19K","-0.10%"
"05/26/2021","9,870","9,925","9,935","9,855","262.98K","-0.45%"
"05/25/2021","9,915","9,890","9,935","9,865","336.06K","2.11%"
"05/24/2021","9,710","9,705","9,740","9,685","280.46K","-0.82%"
"05/21/2021","9,790","9,830","9,835","9,770","198.55K","1.19%"
"05/20/2021","9,675","9,665","9,675","9,605","267.15K","-1.28%"
"05/18/2021","9,800","9,775","9,810","9,745","481.66K","0.41%"
"05/17/2021","9,760","9,750","9,785","9,675","299.45K","1.77%"
"05/14/2021","9,590","9,505","9,605","9,505","297.89K","1.11%"
"05/13/2021","9,485","9,410","9,500","9,400","549.44K","-1.40%"
"05/12/2021","9,620","9,620","9,650","9,545","510.66K","0.42%"
"05/11/2021","9,580","9,595","9,610","9,515","778.61K","-3.09%"
"05/10/2021","9,885","9,940","9,955","9,885","461.21K","-0.45%"
"05/07/2021","9,930","9,920","9,960","9,910","1.16M","0.66%"
"05/06/2021","9,865","9,875","9,875","9,820","1.05M","-2.04%"
"05/04/2021","10,070","10,100","10,100","10,015","669.68K","-0.69%"
"05/03/2021","10,140","10,085","10,155","10,080","808.59K","0.75%"
"04/30/2021","10,065","10,055","10,065","10,025","674.52K","-0.45%"
"04/29/2021","10,110","10,095","10,125","10,070","964.00K","0.35%"
"04/28/2021","10,075","10,080","10,090","10,055","375.54K","-0.44%"
"04/27/2021","10,120","10,080","10,120","10,070","835.39K","0.75%"
"04/26/2021","10,045","10,050","10,085","10,025","742.52K","0.85%"
"04/23/2021","9,960","10,005","10,005","9,950","1.03M","-1.58%"
"04/22/2021","10,120","10,090","10,120","10,065","512.09K","1.05%"
"04/21/2021","10,015","10,040","10,040","9,990","783.24K","-0.89%"
"04/20/2021","10,105","10,130","10,145","10,085","1.75M","-1.03%"
"04/19/2021","10,210","10,195","10,230","10,160","1.63M","0.29%"
"04/16/2021","10,180","10,220","10,220","10,155","937.66K","1.24%"
"04/15/2021","10,055","10,045","10,060","10,015","1.25M","-1.52%"
"04/14/2021","10,210","10,275","10,275","10,200","1.08M","0.94%"
"04/13/2021","10,115","10,175","10,175","10,115","1.09M","-0.59%"
"04/12/2021","10,175","10,085","10,175","10,060","1.62M","1.65%"